agency_name,homepage_url,section
B,https://www.usa.gov/agency-index/b#B,A
C,https://www.usa.gov/agency-index/c#C,A
D,https://www.usa.gov/agency-index/d#D,A
E,https://www.usa.gov/agency-index/e#E,A
F,https://www.usa.gov/agency-index/f#F,A
G,https://www.usa.gov/agency-index/g#G,A
H,https://www.usa.gov/agency-index/h#H,A
I,https://www.usa.gov/agency-index/i#I,A
J,https://www.usa.gov/agency-index/j#J,A
K,https://www.usa.gov/agency-index/k#K,A
L,https://www.usa.gov/agency-index/l#L,A
M,https://www.usa.gov/agency-index/m#M,A
N,https://www.usa.gov/agency-index/n#N,A
O,https://www.usa.gov/agency-index/o#O,A
P,https://www.usa.gov/agency-index/p#P,A
R,https://www.usa.gov/agency-index/r#R,A
S,https://www.usa.gov/agency-index/s#S,A
T,https://www.usa.gov/agency-index/t#T,A
U,https://www.usa.gov/agency-index/u#U,A
V,https://www.usa.gov/agency-index/v#V,A
W,https://www.usa.gov/agency-index/w#W,A
Find a Head Start center near you,https://eclkc.ohs.acf.hhs.gov/center-locator,A
Find your local child support office,https://headstart.gov/,A
Find the Administration for Children and Families office in your region,https://www.acf.hhs.gov/about/contact-us,A
Find a federal court near you,https://www.uscourts.gov/federal-court-finder/search,A
Maps and directions to the Agency for Healthcare Research and Quality,https://www.ahrq.gov/cpi/about/directions/index.html,A
U.S. Agency for International Development mission directory,http://www.usaid.gov/mission-directory,A
Find your regional office of the Agency for Toxic Substances and Disease Registry,https://www.atsdr.cdc.gov/regional-offices/index.html,A
Find your local farmers market in the National Farmers Market directory,https://www.ams.usda.gov/local-food-directories/farmersmarkets,A
Find an Agricultural Research Service office near you,https://www.ars.usda.gov/people-locations/find-a-location/,A
Rural Development office locator,https://www.rd.usda.gov/about-rd/state-offices,A
Find a Department of Agriculture farmers market near you,https://www.usdalocalfoodportal.com/fe/fdirectory_farmersmarket/,A
Find a Department of Agriculture service center near you,https://offices.sc.egov.usda.gov/locator/app,A
Air Force recruiter locator,https://www.airforce.com/find-a-recruiter,A
Find Air Force installations,https://www.airforce.com/lifestyle/locations,A
Find a field office of The Alcohol and Tobacco Tax and Trade Bureau,https://www.ttb.gov/trade-investigations/tid-map,A
Locate cemeteries and memorials,https://www.abmc.gov/cemeteries-memorials,A
Search for individuals buried or memorialized overseas,https://www.abmc.gov/,A
Find an AmeriCorps office in your region,https://americorps.gov/contact/region-offices,A
Find an Antitrust Division office near you,https://www.justice.gov/atr/antitrust-division-leadership-section-and-office-directory#fo,A
Book a tour of the U.S. Capitol,https://www.visitthecapitol.gov/visit,A
National Archives facilities by state,https://www.archives.gov/locations,A
Army recruiter locator,https://www.goarmy.com/locate-a-recruiter.html,A
Find army installations,https://installations.militaryonesource.mil/,A
U.S. Army Corps of Engineers divisions and districts,http://www.usace.army.mil/Locations.aspx,A
Find clinical trials,https://www.clinicaltrials.gov/,A
