section,agency_name,homepage_url
A,AbilityOne Commission,https://www.abilityone.gov/
A,Access Board,https://www.abilityone.gov/
A,Administration for Children and Families (ACF),https://www.abilityone.gov/
A,Administration for Community Living (ACL),https://www.abilityone.gov/
A,Administration for Native Americans (ANA),https://www.abilityone.gov/
A,Administrative Conference of the United States (ACUS),https://www.abilityone.gov/
A,Administrative Office of the U.S. Courts,https://www.abilityone.gov/
A,Advisory Council on Historic Preservation (ACHP),https://www.abilityone.gov/
A,Africa Command,https://www.abilityone.gov/
A,African Development Foundation (USADF),https://www.abilityone.gov/
A,Agency for Global Media,https://www.abilityone.gov/
A,Agency for Healthcare Research and Quality (AHRQ),https://www.abilityone.gov/
A,Agency for International Development (USAID),https://www.abilityone.gov/
A,Agency for Toxic Substances and Disease Registry (ATSDR),https://www.abilityone.gov/
A,Agricultural Marketing Service (AMS),https://www.abilityone.gov/
A,Agricultural Research Service (ARS),https://www.abilityone.gov/
A,Agriculture Department (USDA),https://www.abilityone.gov/
A,Agriculture Library (NAL),https://www.abilityone.gov/
A,Air Force,https://www.abilityone.gov/
A,Air Force Reserve,https://www.abilityone.gov/
A,Alcohol and Tobacco Tax and Trade Bureau (TTB),https://www.abilityone.gov/
A,"Alcohol, Tobacco, Firearms and Explosives Bureau (ATF)",https://www.abilityone.gov/
A,Alhurra TV,https://www.abilityone.gov/
A,AmeriCorps,https://www.abilityone.gov/
A,AmeriCorps Seniors,https://www.abilityone.gov/
A,American Battle Monuments Commission (ABMC),https://www.abilityone.gov/
A,Animal and Plant Health Inspection Service (APHIS),https://www.abilityone.gov/
A,Antitrust Division,https://www.abilityone.gov/
A,Appalachian Regional Commission (ARC),https://www.abilityone.gov/
A,Architect of the Capitol,https://www.abilityone.gov/
A,"Archives, National Archives and Records Administration (NARA)",https://www.abilityone.gov/
A,Arctic Research Commission (USARC),https://www.abilityone.gov/
A,Armed Forces Retirement Home (AFRH),https://www.abilityone.gov/
A,Arms Control and International Security,https://www.abilityone.gov/
A,Army,https://www.abilityone.gov/
A,Army Corps of Engineers,https://www.abilityone.gov/
A,"Arthritis, Musculoskeletal and Skin Diseases, National Institute of (NIAMS)",https://www.abilityone.gov/
H,Have a question?,https://blog.usa.gov/
