agency_name,website,email,phone,contact_type
AbilityOne Commission,https://www.abilityone.gov/,info@abilityone.gov,,email
Administrative Conference of the United States        (ACUS),https://www.acus.gov/,info@acus.gov,,email
African Development Foundation        (USADF),https://www.usadf.gov/,info@usadf.gov,,email
Agency for Toxic Substances and Disease Registry (ATSDR),https://www.atsdr.cdc.gov/,,800-232-4636,phone
AmeriCorps,https://americorps.gov/,,800-942-2677,phone
AmeriCorps,https://americorps.gov/,,1-800-942-2677,phone
AmeriCorps Seniors,https://americorps.gov/serve/americorps-seniors,,800-942-2677,phone
AmeriCorps Seniors,https://americorps.gov/serve/americorps-seniors,,1-800-942-2677,phone
"Archives, National Archives and Records Administration        (NARA)",https://www.archives.gov/,,1-866-272-6272,phone
"Archives, National Archives and Records Administration        (NARA)",https://www.archives.gov/,,866-272-6272,phone
Arctic Research Commission        (USARC),https://www.arctic.gov/,info@arctic.gov,,email
Arctic Research Commission        (USARC),https://www.arctic.gov/,,703-525-0111,phone
